"species";"growth.rate";"SiteID";"Density.tree.Class";"age"
"Beech";0,701705187934255;1;"high";55
"Beech";1,13899490483325;1;"low";42
"Beech";1,39410120922438;12;"medium";60
"Spruce";0,999518941940366;12;"medium";63
"Spruce";1,35492399294231;12;"high";58
"Spruce";1,16621879905817;12;"high";57
"Beech";1,45996039116999;12;"low";65
"Beech";1,32179229389009;12;"medium";61
"Beech";0,945298291903428;12;"low";65
"Beech";1,60132129253003;12;"medium";58
"Beech";1,30220118213955;12;"high";60
"Spruce";1,34662717223953;12;"medium";68
"Spruce";1,42344905122576;12;"low";55
"Beech";1,22835600581766;1;"medium";47
"Beech";0,934618652074898;1;"high";57
"Beech";1,22081241106025;1;"medium";61
"Beech";1,06927430119696;15;"high";54
"Spruce";0,696774628910991;15;"high";53
"Spruce";0,876065177483692;15;"medium";54
"Spruce";1,06751634856084;15;"high";53
"Beech";1,47845908855446;15;"low";65
"Beech";0,51723125617242;15;"medium";48,5
"Beech";1,19147116207841;15;"medium";56
"Beech";1,4520405797888;15;"medium";48
"Beech";1,27986364916075;15;"medium";56
"Spruce";0,914879224311115;15;"high";54
"Spruce";1,38001689162522;15;"high";54
"Spruce";0,923793364868271;15;"medium";54
"Beech";1,40052312495559;1;"high";64
"Spruce";0,956294534467326;18;"medium";41
"Beech";1,14531074661587;18;"high";55
"Beech";1,24767515983149;18;"high";48
"Beech";0,873307088623913;18;"high";63
"Spruce";1,60245327619596;18;"high";68
"Spruce";0,818568289455296;18;"low";70
"Spruce";1,57230095198116;18;"high";70
"Spruce";1,11425865306498;18;"medium";43
"Spruce";1,54306287121737;18;"medium";40
"Beech";1,04310707392946;18;"high";63
"Beech";1,31434998063419;18;"high";71
"Beech";1,37917370128201;18;"high";66
"Spruce";1,50996322585228;23;"high";78
"Spruce";1,07965172875502;23;"high";75
"Spruce";1,53692961019827;23;"high";74
"Spruce";1,36117641100577;23;"high";74
"Spruce";1,59085516413278;23;"medium";97
"Spruce";0,860776928748876;23;"high";77
"Spruce";0,577951952399505;24;"high";77,5
"Spruce";0,809609515511558;24;"high";76
"Spruce";0,967229043693763;24;"medium";78
"Spruce";1,01517776128239;24;"medium";74,5
"Spruce";1,43674049771686;24;"high";75
"Spruce";1,38545124580339;24;"medium";77
"Spruce";1,08059620154094;25;"high";83
"Spruce";1,31515571149878;25;"high";88
"Spruce";1,4101423065592;25;"high";88
"Spruce";1,40364332054136;25;"medium";86,5
"Beech";1,51144610788064;26;"high";72
"Beech";1,24288263196342;26;"medium";62
"Beech";1,25306214752384;26;"low";57
"Beech";1,17589700958299;26;"high";64
"Beech";1,21117466883019;26;"medium";69
"Beech";1,3242360298274;26;"high";61
"Larch";1,12534961488663;27;"low";26
"Larch";1,01141701895254;27;"medium";26
"Larch";0,831961657597417;27;"medium";26
"Larch";1,23947757460756;27;"low";26
"Larch";0,828814025613713;27;"medium";26
"Larch";1,09937654528184;27;"medium";26
"Larch";1,2529833278063;28;"low";61
"Larch";0,809172351691323;28;"medium";63
"Larch";0,337771631294595;28;"low";64
"Larch";0,319339242361304;28;"low";64
"Larch";0,71134156258053;28;"medium";64
"Larch";1,15013619628652;28;"low";62
"Larch";0,535724898511469;29;"low";53,5
"Larch";0,915002535183078;29;"low";51
"Larch";0,413231021917405;29;"low";52,5
"Larch";0,680251033176436;29;"low";51
"Larch";0,392013473342434;29;"low";52
"Larch";0,992758469967318;29;"low";52
"Oak";0,884121424248229;30;"low";68
"Oak";0,61839929794716;30;"low";66
"Oak";0,691290397458259;30;"low";55
"Oak";0,6433887143069;30;"low";71
"Oak";0,728112467737318;30;"low";63
"Oak";0,756959085114334;30;"low";65
"Beech";1,18458234305561;3;"low";80
"Oak";0,950324304191037;31;"medium";82
"Oak";0,619083663309085;31;"low";89
"Oak";0,812954878790711;31;"low";88
"Oak";0,944989703066474;31;"low";87
"Oak";0,915696760381642;31;"low";129
"Beech";1,32837699881078;3;"high";85
"Oak";1,3111165618812;32;"low";86
"Oak";0,499535777343758;32;"low";85
"Oak";0,633919475370735;32;"low";76
"Oak";0,829537286640407;32;"low";84
"Oak";1,0199038419086;32;"low";85
"Oak";0,952560853343954;32;"low";84
"Beech";1,01992108116756;3;"high";66
"Beech";1,07552444272817;33;"high";68
"Larch";1,10772208430747;33;"low";60
"Larch";0,983262902428661;33;"high";62
"Larch";1,15485364796087;33;"high";61
"Beech";1,40966256167714;33;"medium";56
"Beech";1,32366542647953;33;"medium";54
"Beech";1,29659533322249;33;"high";57
"Beech";1,42869747356907;33;"high";61
"Beech";1,4280334583151;33;"high";58
"Larch";1,1638669170433;33;"high";62
"Larch";1,20427079527535;33;"high";65
"Larch";1,37526665567416;33;"medium";66
"Beech";1,70178541575107;3;"medium";67
"Larch";0,914158019482784;34;"high";77
"Beech";1,15868257746496;34;"high";64
"Beech";1,21453032560122;34;"high";66
"Beech";0,975918627237348;34;"high";67
"Larch";0,815195701570414;34;"high";74
"Larch";0,868239995803689;34;"high";73
"Larch";1,00901697204629;34;"high";73
"Larch";1,29298236247115;34;"high";76
"Larch";1,02921399407204;34;"high";66
"Beech";1,24991940794064;34;"high";67
"Beech";1,28579593923039;34;"high";67
"Beech";1,17547733717609;34;"high";66
"Beech";1,64434486728188;3;"low";80
"Larch";1,0843280031341;35;"high";119
"Beech";1,38907432918993;35;"high";109
"Beech";1,09386047201739;35;"high";114
"Beech";1,2523721205684;35;"medium";123
"Larch";0,935482113018628;35;"high";116
"Larch";1,08193972262419;35;"high";118
"Larch";0,953767564458419;35;"high";116
"Larch";1,23889745835087;35;"high";118
"Beech";0,866139704658267;35;"high";128
"Beech";1,35331073653367;35;"high";114
"Beech";1,11914532035349;35;"high";112
"Beech";1,4608974640549;3;"low";92
"Beech";1,0865846680989;36;"low";60
"Oak";0,956009938673744;36;"low";56
"Oak";0,974054782019614;36;"low";63
"Oak";1,2907814829565;36;"low";61
"Beech";1,07771177807545;36;"medium";46
"Beech";1,26061585041484;36;"high";48
"Beech";1,40946844770554;36;"medium";58
"Beech";0,848873629678937;36;"medium";62
"Beech";0,832213403053183;36;"low";64
"Oak";1,12576365370946;36;"low";57
"Oak";0,768548860536124;36;"medium";56
"Oak";1,21642784752597;36;"medium";52
"Oak";1,02722937413718;37;"low";62
"Beech";1,40405250483368;37;"low";58
"Beech";1,36934693665973;37;"low";58
"Beech";0,841890513870339;37;"low";57
"Oak";1,17480019047833;37;"medium";63
"Oak";1,22966486160929;37;"low";57
"Oak";0,664561500774638;37;"low";61
"Oak";1,22756516599068;37;"low";60
"Oak";1,20531615770678;37;"low";55
"Beech";1,20505619080634;37;"low";61
"Beech";1,29698435774045;37;"low";60
"Beech";1,29294139799174;37;"low";55
"Beech";1,20196172567975;38;"low";101
"Oak";1,33899786132604;38;"low";119
"Oak";1,05601483906446;38;"low";103
"Oak";1,12652417087969;38;"low";103
"Beech";1,04013203745375;38;"low";101
"Beech";1,25601857212156;38;"low";100
"Beech";1,11189398812501;38;"low";96
"Beech";0,82223599054225;38;"low";102
"Beech";1,43425927827862;38;"low";102
"Oak";0,865187901339529;38;"low";100
"Oak";1,20150576712134;38;"low";98
"Oak";0,902217727350713;38;"low";101
"Spruce";1,23464647071545;39;"high";77
"Larch";1,41982729242681;39;"high";80
"Larch";1,31943096109753;39;"high";77
"Larch";1,34401259568037;39;"high";74
"Spruce";1,33481221501353;39;"high";75
"Spruce";1,43478208086225;39;"low";76
"Spruce";1,31226737699677;39;"high";73,5
"Spruce";1,26317378689766;39;"medium";75
"Spruce";1,42362511707756;39;"high";75
"Larch";1,2572200707345;39;"high";77
"Larch";1,11617261820161;39;"high";76
"Larch";0,996058397658951;39;"high";77
"Larch";0,953863631551638;40;"medium";94
"Spruce";1,40741943180266;40;"high";95
"Spruce";1,22361376193781;40;"high";94
"Spruce";0,68943952168891;40;"medium";95
"Larch";0,99972969080786;40;"low";96,5
"Larch";0,983299508608657;40;"medium";100
"Larch";0,458763830864822;40;"high";98
"Larch";1,06401700429965;40;"medium";99
"Spruce";1,15734321510237;40;"medium";95
"Spruce";1,26381040996804;40;"high";96
"Spruce";1,23926483836377;40;"low";96
"Spruce";1,37929465011913;41;"high";91
"Larch";1,37751211349264;41;"medium";94
"Larch";1,26101829886592;41;"low";89
"Spruce";1,36561937288945;41;"high";90
"Spruce";1,27681566816059;41;"medium";90
"Spruce";1,43316097586301;41;"high";91
"Spruce";0,870032808683311;41;"medium";90
"Spruce";0,855190010262184;41;"medium";89
"Larch";0,916307538477639;41;"high";92,5
"Larch";0,983600656381264;41;"high";91
"Larch";1,41422528983296;41;"high";88
"Oak";1,17398684548273;42;"low";80
"Larch";0,726823408526901;42;"low";69
"Larch";0,603290786118494;42;"high";74
"Larch";0,416904665125059;42;"low";72
"Oak";0,945315218520431;42;"medium";76
"Oak";0,922753520791275;42;"low";79
"Oak";0,903454118081711;42;"medium";67
"Oak";1,10659580698335;42;"medium";77
"Oak";1,09978604792836;42;"low";79
"Larch";0,684197274155473;42;"low";66
"Larch";0,778391247767486;42;"low";73
"Oak";1,22190220485404;43;"low";104
"Larch";0,946859287403731;43;"low";99
"Larch";1,35313388927384;43;"low";101
"Larch";1,00095796692001;43;"low";102
"Oak";0,824077149734688;43;"medium";102
"Oak";0,954689436057483;43;"low";99
"Oak";1,27030848204828;43;"medium";102
"Oak";1,25879536866358;43;"low";103
"Oak";0,87831203484884;43;"low";100
"Larch";0,979092838499815;43;"low";98
"Larch";0,973857365333662;43;"low";97
"Larch";1,07856283413211;43;"low";100
"Oak";1,10771883419354;44;"high";98
"Larch";0,471731918362861;44;"high";103
"Larch";0,634658961657987;44;"high";105
"Oak";1,07326303078521;44;"medium";104
"Oak";1,31606079716316;44;"medium";106
"Oak";1,24171322535687;44;"high";100
"Oak";1,1442654771988;44;"high";101
"Oak";1,51662624557265;44;"medium";104
"Larch";0,307489042548654;44;"medium";97
"Larch";0,594115072948356;44;"medium";101
"Larch";0,507785858489689;44;"high";101,5
"Oak";1,14833015698649;45;"medium";48
"Spruce";0,87682336643842;45;"high";55
"Spruce";1,39251042545972;45;"medium";48
"Spruce";0,995078186114678;45;"high";55
"Oak";1,36746682236201;45;"high";59
"Oak";1,13806157004352;45;"medium";47
"Oak";1,19050487866431;45;"medium";43
"Oak";0,862224855095989;45;"low";39
"Oak";1,02029339923936;45;"medium";45
"Spruce";1,44436985975955;45;"medium";45
"Spruce";1,01072404737659;45;"high";56
"Spruce";1,25123814787506;45;"medium";39
"Spruce";1,11823154694898;46;"medium";63
"Oak";0,369942835549278;46;"medium";64
"Oak";1,05004249115924;46;"medium";66
"Oak";1,43673572699115;46;"low";66
"Spruce";1,64701332640171;46;"low";56
"Spruce";0,929282713259441;46;"high";56
"Spruce";1,32511558482633;46;"high";57
"Spruce";1,21630224571928;46;"medium";60
"Oak";1,16551050563668;46;"medium";64
"Oak";1,01599642861557;46;"medium";63
"Oak";0,627442713336466;46;"high";66
"Oak";1,38818661222236;47;"low";68
"Spruce";1,22598474813795;47;"medium";69
"Spruce";1,15034639170478;47;"medium";66
"Spruce";0,756965619489113;47;"high";68
"Oak";1,20847483512106;47;"low";65
"Oak";1,15067524327583;47;"low";66
"Oak";0,788193886875968;47;"medium";67
"Oak";1,15747429843762;47;"medium";63
"Oak";1,13752403718599;47;"low";63
"Spruce";1,27694853713976;47;"medium";67
"Spruce";1,39194896240181;47;"medium";50
"Beech";1,2068382314387;48;"high";57
"Larch";1,45051601587247;48;"high";63
"Larch";1,23192206724144;48;"high";62
"Spruce";1,34845213300583;48;"high";55
"Spruce";1,24940509479422;48;"high";52
"Spruce";1,62381255588705;48;"high";47
"Spruce";0,940376497331481;48;"high";52
"Spruce";1,30435071943257;48;"medium";59
"Spruce";1,48662396930552;48;"high";53
"Beech";1,58451472366924;48;"high";57
"Beech";1,43086043670477;48;"high";61
"Beech";1,28389438573893;48;"high";60
"Beech";1,14879332387221;48;"high";64
"Larch";1,32156075671545;48;"high";60
"Larch";1,45856064686153;48;"high";53
"Larch";1,24430563732305;48;"high";58
"Beech";1,63761216543914;49;"high";86
"Spruce";1,19784205233932;49;"high";87
"Spruce";1,24707766760236;49;"high";83
"Spruce";0,55947070490995;49;"high";82
"Larch";0,913398591584998;49;"high";88
"Larch";0,936986144168772;49;"high";90
"Larch";1,10427572591128;49;"high";87
"Larch";0,814226861690193;49;"medium";85
"Larch";1,08137215069556;49;"high";86
"Beech";1,24007130422291;49;"high";92
"Beech";1,50959272920535;49;"high";89
"Beech";1,19262186037996;49;"high";88
"Beech";1,67470118137316;49;"high";91
"Beech";1,19438768656391;49;"high";92
"Spruce";0,512108233470648;49;"medium";81
"Spruce";1,19348823506854;49;"high";84
"Spruce";1,34787251372001;49;"high";84
"Larch";1,21851070535114;50;"high";88
"Beech";1,21133840536926;50;"medium";87
"Beech";1,4277361020723;50;"low";88
"Beech";1,36028507973084;50;"low";87
"Spruce";1,01744957344826;50;"high";90
"Spruce";1,16228709913031;50;"medium";98
"Spruce";1,28458147340175;50;"medium";88
"Spruce";0,84186313615092;50;"medium";86
"Spruce";0,676950630611718;50;"high";86
"Larch";0,826874491364858;50;"low";102,5
"Larch";0,553059098065143;50;"high";87
"Larch";0,929873776882241;50;"high";86
"Larch";1,04454200922359;50;"medium";88
"Larch";0,82463515744638;50;"medium";105,5
"Beech";1,4052790108625;50;"medium";84
"Beech";1,51799086877063;50;"medium";91
"Beech";1,1669677341385;50;"medium";86
"Beech";1,48806740006028;51;"low";54
"Oak";1,18489492926052;51;"medium";48
"Oak";1,09102473314772;51;"low";59
"Oak";1,12980065342997;51;"low";31
"Larch";1,26478993854145;51;"low";38
"Larch";0,689453064377024;51;"medium";40
"Larch";1,17243114502193;51;"medium";42
"Larch";1,22800011338943;51;"low";43
"Larch";0,862006984559668;51;"low";40
"Larch";0,949491691041152;51;"medium";40
"Beech";1,36471359659137;51;"low";27
"Beech";1,20591110067761;51;"low";54
"Beech";1,18508865356029;51;"low";52
"Beech";1,30951108442428;51;"medium";44
"Beech";1,39117383198633;51;"low";56
"Oak";1,17207254197584;51;"low";54
"Oak";1,18270525440864;51;"medium";34
"Oak";1,15830431162115;51;"low";57
"Beech";1,26655165376522;52;"low";66
"Oak";0,617318797854996;52;"high";66
"Oak";0,895618479329906;52;"low";67
"Oak";0,874853786357736;52;"low";64
"Larch";1,15016398515837;52;"low";66
"Larch";0,903536537073132;52;"low";69
"Larch";0,70622904540033;52;"high";67
"Larch";0,58747395261753;52;"low";66
"Larch";0,94931875243566;52;"low";67
"Larch";1,03590741469031;52;"low";64
"Beech";1,13459053238185;52;"low";67
"Beech";1,26610171472054;52;"low";65
"Beech";0,897606702821758;52;"low";66
"Beech";1,28399034802623;52;"high";63
"Beech";0,918365241680316;52;"medium";65
"Oak";0,658212949538392;52;"low";63
"Oak";0,574453211001735;52;"low";66
"Oak";1,24303758324128;52;"low";121
"Larch";1,33170318064322;53;"medium";65
"Beech";1,22546887107732;53;"medium";64
"Beech";1,29345283088888;53;"medium";62
"Beech";1,38955976210681;53;"low";63
"Oak";1,06171744521711;53;"low";63
"Oak";0,650172034602827;53;"medium";63
"Oak";1,28450405284295;53;"medium";63
"Oak";1,21630485371042;53;"low";63
"Oak";1,29932351535729;53;"medium";61
"Oak";0,872367817686715;53;"medium";61
"Larch";1,36500138704498;53;"medium";66
"Larch";1,06968008200696;53;"medium";65
"Larch";1,2058254752327;53;"high";62
"Larch";0,955696026720421;53;"medium";64
"Larch";1,15415339730663;53;"medium";59
"Beech";0,69695517209529;53;"low";68
"Beech";1,19462716308525;53;"low";66
"Spruce";1,30245937158113;54;"medium";39
"Beech";1,23246597107272;54;"medium";41
"Beech";1,09505149270406;54;"low";40
"Beech";1,1565091517261;54;"low";44
"Oak";1,32523411374919;54;"low";50
"Oak";0,791853114611462;54;"high";42
"Oak";1,13084574865539;54;"medium";39
"Oak";1,12940484589969;54;"high";42
"Oak";1,05487215918;54;"medium";41
"Oak";1,13994772771888;54;"high";41
"Spruce";1,39258038529824;54;"medium";40
"Spruce";1,03711127010456;54;"high";39
"Spruce";0,869252984996937;54;"medium";36
"Spruce";1,19721378351608;54;"medium";36
"Spruce";1,33270873349528;54;"high";38
"Beech";1,21841749676489;54;"high";37
"Beech";1,39867730062332;54;"high";38
"Beech";1,39517377302679;54;"high";41
"Beech";0,451410952434774;55;"high";54
"Spruce";1,37813324583653;55;"low";51
"Spruce";1,29298689013856;55;"medium";54
"Spruce";1,243080270608;55;"medium";52
"Oak";1,31864518744188;55;"medium";53
"Oak";1,10914965543764;55;"low";54
"Oak";0,888115170513514;55;"high";60
"Oak";1,05658190506034;55;"medium";59
"Oak";1,41561228164191;55;"low";58
"Oak";1,02602333132537;55;"medium";53
"Beech";1,22425805439832;55;"medium";63
"Beech";1,06979339125025;55;"high";61
"Beech";1,32785255058193;55;"high";54
"Beech";1,36178056258306;55;"medium";60
"Beech";1,25001871774787;55;"medium";50
"Spruce";1,06945681717458;55;"low";55
"Spruce";0,914154147307088;55;"low";56
"Spruce";1,09912189996055;55;"low";50
"Spruce";1,12364819376814;56;"low";60
"Oak";1,11943705375739;56;"low";72
"Oak";1,02019205304907;56;"medium";56
"Oak";0,864129781283778;56;"low";68
"Beech";1,44715904002253;56;"low";63
"Beech";1,2218016243504;56;"medium";68
"Beech";1,21792257486082;56;"low";66
"Beech";1,53556040849905;56;"low";70
"Beech";1,59953248126448;56;"high";44
"Beech";1,17067626110358;56;"medium";68
"Spruce";1,68580508463093;56;"medium";58
"Spruce";1,39749003021056;56;"high";54
"Spruce";1,54508177904402;56;"high";44
"Spruce";0,910819501339711;56;"medium";61
"Spruce";0,689748804649308;56;"low";56,5
"Oak";1,04859996701853;56;"low";66
"Oak";0,959514238782983;56;"low";71
"Oak";1,02841616338943;56;"low";69
"Larch";1,04958872749383;57;"low";83
"Spruce";1,17118051302654;57;"low";56
"Spruce";0,626918105107951;57;"high";62
"Spruce";1,30698960928954;57;"low";52
"Oak";1,15483145818136;57;"low";59
"Oak";0,542853313291681;57;"low";56
"Oak";0,788303138302259;57;"low";57
"Oak";0,701706036786969;57;"medium";58
"Oak";1,04224775317634;57;"low";56
"Oak";1,24109163536809;57;"low";57
"Larch";1,02077535591593;57;"medium";57,5
"Larch";0,742124006767623;57;"medium";69
"Larch";1,24299409676642;57;"medium";73
"Larch";1,05993875434047;57;"low";60
"Larch";0,149451112107614;57;"low";71,5
"Spruce";1,16678748795314;57;"medium";59
"Spruce";1,44711143527848;57;"low";57
"Oak";1,45095121588531;58;"medium";109
"Larch";0,768816642534;58;"medium";106
"Larch";0,837599458774723;58;"medium";100
"Larch";0,819223803870402;58;"high";106
"Spruce";1,33487161410878;58;"medium";101
"Spruce";1,26415066981244;58;"medium";100
"Spruce";0,775542277461675;58;"medium";90,5
"Spruce";1,32841395090704;58;"low";93
"Spruce";1,15827822916311;58;"low";96
"Spruce";0,726377984811326;58;"high";106
"Oak";1,07046226828312;58;"medium";112
"Oak";1,39189089510325;58;"medium";109
"Oak";1,42106935806888;58;"low";149
"Oak";1,27420574781603;58;"low";150
"Oak";1,30142669750758;58;"low";111
"Larch";1,0717374543012;58;"low";100
"Larch";0,926486568512097;58;"medium";98
"Spruce";1,35367476883384;59;"medium";104
"Larch";0,865756129571647;59;"low";102
"Larch";0,64895483266689;59;"high";101
"Larch";0,60142566519742;59;"high";100
"Oak";1,2096973858787;59;"medium";100
"Oak";1,42960117351426;59;"medium";104
"Oak";1,1198218917176;59;"medium";97
"Oak";1,53278806370335;59;"medium";104
"Oak";1,23921528413213;59;"low";104
"Oak";1,43988683768719;59;"medium";97
"Spruce";0,967271821711114;59;"medium";95,5
"Spruce";0,961379597726775;59;"medium";99
"Spruce";0,955020685087724;59;"medium";98
"Spruce";0,805768070824341;59;"high";100
"Spruce";1,21037955131672;59;"low";97
"Larch";0,420635692150249;59;"low";98
"Larch";0,68129749873176;59;"medium";97,5
"Larch";0,511817912569711;59;"medium";100,5
"Oak";0,926854004547602;60;"high";24
"Larch";1,20889701213162;60;"medium";48
"Larch";0,968671202758604;60;"high";46
"Larch";0,713994985796795;60;"low";24
"Spruce";1,46075798715258;60;"medium";39
"Spruce";1,27938307604851;60;"medium";26
"Spruce";1,34525065488687;60;"medium";41
"Spruce";1,51545904901031;60;"medium";36
"Spruce";1,30648062830594;60;"high";40
"Spruce";1,54634418427373;60;"high";40
"Beech";1,51435666985309;60;"low";43
"Oak";0,98648430677291;60;"low";42
"Beech";1,65553113803077;60;"medium";40
"Beech";1,12064606063049;60;"medium";42
"Beech";1,18483039571206;60;"medium";42
"Beech";1,64902771807164;60;"low";41
"Beech";1,41541699035113;60;"medium";42
"Oak";1,25777541499714;60;"medium";45
"Oak";1,36196997469136;60;"low";41
"Oak";1,21660164387256;60;"medium";38
"Oak";1,12388369935878;60;"medium";41
"Larch";0,938942076446259;60;"medium";46
"Larch";0,857314646425607;60;"medium";43
"Larch";0,912543998036881;60;"low";48
"Larch";0,844875486477217;61;"medium";67,5
"Beech";1,27449435888442;61;"medium";49
"Beech";1,42448025756224;61;"high";47
"Beech";1,08693475251718;61;"medium";62
"Spruce";1,39903306870711;61;"medium";56
"Spruce";0,568267845580512;61;"medium";45,5
"Spruce";1,46291087687808;61;"medium";51
"Spruce";1,36996162654384;61;"medium";46
"Spruce";1,24497061891359;61;"medium";46
"Oak";0,981499570813178;61;"medium";61
"Larch";0,88007426735262;61;"low";68
"Oak";1,24312779878179;61;"low";59
"Oak";1,1886014342439;61;"medium";42
"Oak";1,41007853496852;61;"low";58
"Oak";1,04831773430185;61;"low";62
"Oak";1,21203217654573;61;"low";42
"Larch";0,988543577532781;61;"medium";55
"Larch";0,573988950971559;61;"low";60,5
"Larch";1,25390118859343;61;"low";58
"Larch";1,24024510722452;61;"low";67
"Beech";1,28516194252708;61;"low";50
"Beech";1,44530753137838;61;"medium";61
"Beech";1,18374775945349;61;"medium";55
"Larch";1,14196168533899;62;"medium";72
"Spruce";1,15385075804673;62;"high";68
"Spruce";1,0394803191901;62;"high";71
"Spruce";0,839718379744866;62;"medium";68
"Beech";1,18217784896867;62;"high";66
"Beech";0,817807385049788;62;"high";66
"Beech";1,51238688860476;62;"high";62
"Beech";1,6389758498673;62;"high";69
"Beech";1,55526179238965;62;"high";66
"Beech";1,2778996380755;62;"high";61
"Oak";0,802171155632049;62;"high";61
"Larch";1,20180009924389;62;"high";64
"Oak";1,32203235551039;62;"high";62
"Oak";0,854551494301926;62;"high";63
"Oak";1,04984277039944;62;"high";58
"Oak";0,343087220605462;62;"high";67
"Oak";0,798995115995131;62;"high";71
"Larch";0,86821500356844;62;"high";67
"Larch";1,62911176257636;62;"low";61
"Larch";0,930322367346682;62;"high";69
"Larch";0,746024490088494;62;"high";69
"Spruce";0,119428288821524;62;"medium";65,5
"Spruce";0,838854258653932;62;"high";64
"Spruce";0,781666277782236;62;"high";63
